<?xml version="1.0" encoding="UTF-8"?>
<gmd:MD_Metadata xmlns:gmd="http://www.isotc211.org/2005/gmd"
                 xmlns:gco="http://www.isotc211.org/2005/gco"
                 xmlns:srv="http://www.isotc211.org/2005/srv"
                 xmlns:gml="http://www.opengis.net/gml"
                 xmlns:xlink="http://www.w3.org/1999/xlink"
                 xmlns:dcite="http://datacite.org/schema/kernel-3">
   <gmd:fileIdentifier>
      <gco:CharacterString>10_1594+IEDA+100539</gco:CharacterString>
   </gmd:fileIdentifier>
   <gmd:language>
      <gco:CharacterString>en</gco:CharacterString>
   </gmd:language>
   <gmd:hierarchyLevel>
      <gmd:MD_ScopeCode codeSpace="ISOTC211/19115"
                        codeList="http://www.isotc211.org/2005/resources/Codelist/gmxCodelists.xml#MD_ScopeCode"
                        codeListValue=""/>
   </gmd:hierarchyLevel>
   <gmd:contact>
      <gmd:CI_ResponsibleParty>
         <gmd:organisationName>
            <gco:CharacterString>Earthcube CINERGI Metadata Pipeline</gco:CharacterString>
         </gmd:organisationName>
         <gmd:positionName>
            <gco:CharacterString>CINERGI Metadata Contact</gco:CharacterString>
         </gmd:positionName>
         <gmd:contactInfo>
            <gmd:CI_Contact>
               <gmd:address>
                  <gmd:CI_Address>
                     <gmd:electronicMailAddress>
                        <gco:CharacterString>metadata@earthcube.org</gco:CharacterString>
                     </gmd:electronicMailAddress>
                  </gmd:CI_Address>
               </gmd:address>
            </gmd:CI_Contact>
         </gmd:contactInfo>
         <gmd:role>
            <gmd:CI_RoleCode codeSpace="ISOTC211/19115"
                             codeList="http://www.isotc211.org/2005/resources/Codelist/gmxCodelists.xml#CI_RoleCode"
                             codeListValue="pointOfContact">pointOfContact
                </gmd:CI_RoleCode>
         </gmd:role>
      </gmd:CI_ResponsibleParty>
   </gmd:contact>
   <gmd:dateStamp>
      <gco:Date>2015</gco:Date>
   </gmd:dateStamp>
   <gmd:metadataStandardVersion>
      <gco:CharacterString>2003</gco:CharacterString>
   </gmd:metadataStandardVersion>
   <gmd:identificationInfo>
      <gmd:MD_DataIdentification>
         <gmd:citation>
            <gmd:CI_Citation>
               <gmd:title>
                  <gco:CharacterString>A reassessment of current volcanic emissions from the Central American arc with specific examples from Nicaragua</gco:CharacterString>
               </gmd:title>
               <gmd:date>
                  <gmd:CI_Date>
                     <gmd:date>
                        <gco:Date>2015-05-15</gco:Date>
                     </gmd:date>
                     <gmd:dateType>
                        <gmd:CI_DateTypeCode codeSpace="ISOTC211/19115"
                                             codeList="http://www.isotc211.org/2005/resources/Codelist/gmxCodelists.xml#CI_DateTypeCode"
                                             codeListValue="publication">publication
                                </gmd:CI_DateTypeCode>
                     </gmd:dateType>
                  </gmd:CI_Date>
               </gmd:date>
            </gmd:CI_Citation>
         </gmd:citation>
         <gmd:abstract>
            <gco:CharacterString>A summary of volcanic gas fluxes in the Central Americ Arc volcanoes of: San Miguel, Arenal, Poas, Momotombo, Itzalco, Santa Ana, Pacaya, Fuego, Santa Maria, Tacana, Masaya, Telica and San Cristobal from 1997 through 2004. SO2 flux was analyzed by  Differential Optical Absorption Spectroscopy (DOAS) approach (Galle et al, 2003) method Includes analyses of concentrations of major cations and anions in the gas and particle phases analyses of volcanic emissions, in addition to oxide concentrations of volcanic arc glass (Masaya: Pele hair and Bombs). Flux measurements are then calculated with previously published data for mean flux input and output estimates for the whole Central American Arc.</gco:CharacterString>
         </gmd:abstract>
         <gmd:pointOfContact>
            <gmd:CI_ResponsibleParty>
               <gmd:individualName>
                  <gco:CharacterString>Mather, T. A.</gco:CharacterString>
               </gmd:individualName>
               <gmd:role>
                  <gmd:CI_RoleCode codeSpace="ISOTC211/19115"
                                   codeList="http://www.isotc211.org/2005/resources/Codelist/gmxCodelists.xml#CI_RoleCode"
                                   codeListValue="creator">creator
                        </gmd:CI_RoleCode>
               </gmd:role>
            </gmd:CI_ResponsibleParty>
         </gmd:pointOfContact>
         <gmd:pointOfContact>
            <gmd:CI_ResponsibleParty>
               <gmd:individualName>
                  <gco:CharacterString>Pyle, D. M.</gco:CharacterString>
               </gmd:individualName>
               <gmd:role>
                  <gmd:CI_RoleCode codeSpace="ISOTC211/19115"
                                   codeList="http://www.isotc211.org/2005/resources/Codelist/gmxCodelists.xml#CI_RoleCode"
                                   codeListValue="creator">creator
                        </gmd:CI_RoleCode>
               </gmd:role>
            </gmd:CI_ResponsibleParty>
         </gmd:pointOfContact>
         <gmd:pointOfContact>
            <gmd:CI_ResponsibleParty>
               <gmd:individualName>
                  <gco:CharacterString>Tsanev, V. I.</gco:CharacterString>
               </gmd:individualName>
               <gmd:role>
                  <gmd:CI_RoleCode codeSpace="ISOTC211/19115"
                                   codeList="http://www.isotc211.org/2005/resources/Codelist/gmxCodelists.xml#CI_RoleCode"
                                   codeListValue="creator">creator
                        </gmd:CI_RoleCode>
               </gmd:role>
            </gmd:CI_ResponsibleParty>
         </gmd:pointOfContact>
         <gmd:pointOfContact>
            <gmd:CI_ResponsibleParty>
               <gmd:individualName>
                  <gco:CharacterString>McGonigle, A. J.S.</gco:CharacterString>
               </gmd:individualName>
               <gmd:role>
                  <gmd:CI_RoleCode codeSpace="ISOTC211/19115"
                                   codeList="http://www.isotc211.org/2005/resources/Codelist/gmxCodelists.xml#CI_RoleCode"
                                   codeListValue="creator">creator
                        </gmd:CI_RoleCode>
               </gmd:role>
            </gmd:CI_ResponsibleParty>
         </gmd:pointOfContact>
         <gmd:pointOfContact>
            <gmd:CI_ResponsibleParty>
               <gmd:individualName>
                  <gco:CharacterString>Oppenheimer, C.</gco:CharacterString>
               </gmd:individualName>
               <gmd:role>
                  <gmd:CI_RoleCode codeSpace="ISOTC211/19115"
                                   codeList="http://www.isotc211.org/2005/resources/Codelist/gmxCodelists.xml#CI_RoleCode"
                                   codeListValue="creator">creator
                        </gmd:CI_RoleCode>
               </gmd:role>
            </gmd:CI_ResponsibleParty>
         </gmd:pointOfContact>
         <gmd:pointOfContact>
            <gmd:CI_ResponsibleParty>
               <gmd:individualName>
                  <gco:CharacterString>Allen, A. G.</gco:CharacterString>
               </gmd:individualName>
               <gmd:role>
                  <gmd:CI_RoleCode codeSpace="ISOTC211/19115"
                                   codeList="http://www.isotc211.org/2005/resources/Codelist/gmxCodelists.xml#CI_RoleCode"
                                   codeListValue="creator">creator
                        </gmd:CI_RoleCode>
               </gmd:role>
            </gmd:CI_ResponsibleParty>
         </gmd:pointOfContact>
         <gmd:pointOfContact>
            <gmd:CI_ResponsibleParty>
               <gmd:organisationName>
                  <gco:CharacterString>Integrated Earth Data Applications (IEDA)</gco:CharacterString>
               </gmd:organisationName>
               <gmd:role>
                  <gmd:CI_RoleCode codeSpace="ISOTC211/19115"
                                   codeList="http://www.isotc211.org/2005/resources/Codelist/gmxCodelists.xml#CI_RoleCode"
                                   codeListValue="publisher">publisher
                            </gmd:CI_RoleCode>
               </gmd:role>
            </gmd:CI_ResponsibleParty>
         </gmd:pointOfContact>
         <gmd:descriptiveKeywords>
            <gmd:MD_Keywords>
               <gmd:keyword>
                  <gco:CharacterString>Chemistry:Rock</gco:CharacterString>
               </gmd:keyword>
               <gmd:keyword>
                  <gco:CharacterString>Chemistry:Fluid</gco:CharacterString>
               </gmd:keyword>
               <gmd:keyword>
                  <gco:CharacterString>Chemistry:Gas</gco:CharacterString>
               </gmd:keyword>
               <gmd:keyword>
                  <gco:CharacterString>Petrology</gco:CharacterString>
               </gmd:keyword>
               <gmd:keyword>
                  <gco:CharacterString>Petrology:Mineral</gco:CharacterString>
               </gmd:keyword>
               <gmd:type>
                  <gmd:MD_KeywordTypeCode codeSpace="ISOTC211/19115"
                                          codeList="http://www.isotc211.org/2005/resources/Codelist/gmxCodelists.xml#MD_KeywordTypeCode"
                                          codeListValue="theme">theme
                        </gmd:MD_KeywordTypeCode>
               </gmd:type>
               <gmd:thesaurusName>
                  <gmd:CI_Citation>
                     <gmd:title>
                        <gco:CharacterString>ECL</gco:CharacterString>
                     </gmd:title>
                     <gmd:date gco:nilReason="unknown"/>
                  </gmd:CI_Citation>
               </gmd:thesaurusName>
            </gmd:MD_Keywords>
         </gmd:descriptiveKeywords>
         <gmd:descriptiveKeywords>
            <gmd:MD_Keywords>
               <gmd:keyword>
                  <gco:CharacterString>Sulpher dioxide flux</gco:CharacterString>
               </gmd:keyword>
               <gmd:keyword>
                  <gco:CharacterString>volcanic gas</gco:CharacterString>
               </gmd:keyword>
               <gmd:keyword>
                  <gco:CharacterString>fumarole gas</gco:CharacterString>
               </gmd:keyword>
               <gmd:keyword>
                  <gco:CharacterString>volcanic glass</gco:CharacterString>
               </gmd:keyword>
               <gmd:keyword>
                  <gco:CharacterString>subduction zone</gco:CharacterString>
               </gmd:keyword>
               <gmd:keyword>
                  <gco:CharacterString>arc flux emissions</gco:CharacterString>
               </gmd:keyword>
               <gmd:type>
                  <gmd:MD_KeywordTypeCode codeSpace="ISOTC211/19115"
                                          codeList="http://www.isotc211.org/2005/resources/Codelist/gmxCodelists.xml#MD_KeywordTypeCode"
                                          codeListValue="theme">theme</gmd:MD_KeywordTypeCode>
               </gmd:type>
            </gmd:MD_Keywords>
         </gmd:descriptiveKeywords>
         <gmd:descriptiveKeywords>
            <gmd:MD_Keywords>
               <gmd:keyword>
                  <gco:CharacterString>application/vnd.openxmlformats-officedocument.spreadsheetml.sheet</gco:CharacterString>
               </gmd:keyword>
               <gmd:type>
                  <gmd:MD_KeywordTypeCode codeSpace="ISOTC211/19115"
                                          codeList="http://www.isotc211.org/2005/resources/Codelist/gmxCodelists.xml#MD_KeywordTypeCode"
                                          codeListValue="theme">theme
                        </gmd:MD_KeywordTypeCode>
               </gmd:type>
               <gmd:thesaurusName>
                  <gmd:CI_Citation>
                     <gmd:title>
                        <gco:CharacterString>DataCite Format</gco:CharacterString>
                     </gmd:title>
                     <gmd:date>
                        <gmd:CI_Date>
                           <gmd:date>
                              <gco:Date>2015-01-01</gco:Date>
                           </gmd:date>
                           <gmd:dateType>
                              <gmd:CI_DateTypeCode codeListValue="publication"
                                                   codeList="http://www.isotc211.org/2005/resources/Codelist/gmxCodelists.xml#CI_DateTypeCode"/>
                           </gmd:dateType>
                        </gmd:CI_Date>
                     </gmd:date>
                  </gmd:CI_Citation>
               </gmd:thesaurusName>
            </gmd:MD_Keywords>
         </gmd:descriptiveKeywords>
         <gmd:resourceConstraints>
            <gmd:MD_LegalConstraints>
               <gmd:useConstraints>
                  <gmd:MD_RestrictionCode codeList="http://www.ngdc.noaa.gov/metadata/published/xsd/schema/resources/Codelist/gmxCodelists.xml#MD_RestrictionCode"
                                          codeListValue="license">license</gmd:MD_RestrictionCode>
               </gmd:useConstraints>
               <gmd:otherConstraints>
                  <gco:CharacterString>https://creativecommons.org/licenses/by/3.0/us/</gco:CharacterString>
               </gmd:otherConstraints>
               <gmd:otherConstraints>
                  <gco:CharacterString>Creative Commons Attribution-NonCommercial-Share Alike 3.0 United States [CC BY-NC-SA 3.0]</gco:CharacterString>
               </gmd:otherConstraints>
            </gmd:MD_LegalConstraints>
         </gmd:resourceConstraints>
         <gmd:language>
            <gco:CharacterString>eng</gco:CharacterString>
         </gmd:language>
         <gmd:extent>
            <gmd:EX_Extent>
               <gmd:geographicElement>
                  <gmd:EX_GeographicDescription>
                     <gmd:geographicIdentifier>
                        <gmd:MD_Identifier>
                           <gmd:code>
                              <gco:CharacterString>Central America, Nicaragua, Guatemala, Costa Rica, El Salvador, Honduras, Poas volcano, Santa Ana volcano, Masaya volcano, Santa Maria volcano, Telica volcano, Tacana volcano, Fuego volcano, Itzalco volcano</gco:CharacterString>
                           </gmd:code>
                        </gmd:MD_Identifier>
                     </gmd:geographicIdentifier>
                  </gmd:EX_GeographicDescription>
               </gmd:geographicElement>
            </gmd:EX_Extent>
         </gmd:extent>
         <gmd:supplementalInformation>
            <gco:CharacterString/>
         </gmd:supplementalInformation>
      </gmd:MD_DataIdentification>
   </gmd:identificationInfo>
   <gmd:distributionInfo>
      <gmd:MD_Distribution>
         <gmd:transferOptions>
            <gmd:MD_DigitalTransferOptions>
               <gmd:onLine>
                  <gmd:CI_OnlineResource>
                     <gmd:linkage>
                        <gmd:URL>http://www.earthchem.org/library/browse/view?id=862</gmd:URL>
                     </gmd:linkage>
                     <gmd:name>
                        <gco:CharacterString>URL</gco:CharacterString>
                     </gmd:name>
                     <gmd:function>
                        <gmd:CI_OnLineFunctionCode codeList="http://www.isotc211.org/2005/resources/Codelist/gmxCodelists.xml#CI_OnLineFunctionCode"
                                                   codeListValue="information"/>
                     </gmd:function>
                  </gmd:CI_OnlineResource>
               </gmd:onLine>
            </gmd:MD_DigitalTransferOptions>
         </gmd:transferOptions>
      </gmd:MD_Distribution>
   </gmd:distributionInfo>
</gmd:MD_Metadata>
