<?xml version="1.0" encoding="UTF-8"?>
<gmd:MD_Metadata xmlns:gmd="http://www.isotc211.org/2005/gmd"
                 xmlns:gco="http://www.isotc211.org/2005/gco"
                 xmlns:srv="http://www.isotc211.org/2005/srv"
                 xmlns:gml="http://www.opengis.net/gml"
                 xmlns:xlink="http://www.w3.org/1999/xlink"
                 xmlns:dcite="http://datacite.org/schema/kernel-3">
   <gmd:fileIdentifier>
      <gco:CharacterString>10_1594+IEDA+100535</gco:CharacterString>
   </gmd:fileIdentifier>
   <gmd:language>
      <gco:CharacterString>en</gco:CharacterString>
   </gmd:language>
   <gmd:hierarchyLevel>
      <gmd:MD_ScopeCode codeSpace="ISOTC211/19115"
                        codeList="http://www.isotc211.org/2005/resources/Codelist/gmxCodelists.xml#MD_ScopeCode"
                        codeListValue=""/>
   </gmd:hierarchyLevel>
   <gmd:contact>
      <gmd:CI_ResponsibleParty>
         <gmd:organisationName>
            <gco:CharacterString>Earthcube CINERGI Metadata Pipeline</gco:CharacterString>
         </gmd:organisationName>
         <gmd:positionName>
            <gco:CharacterString>CINERGI Metadata Contact</gco:CharacterString>
         </gmd:positionName>
         <gmd:contactInfo>
            <gmd:CI_Contact>
               <gmd:address>
                  <gmd:CI_Address>
                     <gmd:electronicMailAddress>
                        <gco:CharacterString>metadata@earthcube.org</gco:CharacterString>
                     </gmd:electronicMailAddress>
                  </gmd:CI_Address>
               </gmd:address>
            </gmd:CI_Contact>
         </gmd:contactInfo>
         <gmd:role>
            <gmd:CI_RoleCode codeSpace="ISOTC211/19115"
                             codeList="http://www.isotc211.org/2005/resources/Codelist/gmxCodelists.xml#CI_RoleCode"
                             codeListValue="pointOfContact">pointOfContact
                </gmd:CI_RoleCode>
         </gmd:role>
      </gmd:CI_ResponsibleParty>
   </gmd:contact>
   <gmd:dateStamp>
      <gco:Date>2015</gco:Date>
   </gmd:dateStamp>
   <gmd:metadataStandardVersion>
      <gco:CharacterString>2003</gco:CharacterString>
   </gmd:metadataStandardVersion>
   <gmd:identificationInfo>
      <gmd:MD_DataIdentification>
         <gmd:citation>
            <gmd:CI_Citation>
               <gmd:title>
                  <gco:CharacterString>EarthCube Stakeholder Survey Data</gco:CharacterString>
               </gmd:title>
               <gmd:date>
                  <gmd:CI_Date>
                     <gmd:date>
                        <gco:Date>2015-04-15</gco:Date>
                     </gmd:date>
                     <gmd:dateType>
                        <gmd:CI_DateTypeCode codeSpace="ISOTC211/19115"
                                             codeList="http://www.isotc211.org/2005/resources/Codelist/gmxCodelists.xml#CI_DateTypeCode"
                                             codeListValue="publication">publication
                                </gmd:CI_DateTypeCode>
                     </gmd:dateType>
                  </gmd:CI_Date>
               </gmd:date>
            </gmd:CI_Citation>
         </gmd:citation>
         <gmd:abstract>
            <gco:CharacterString>This document follows the format in Sharing Geoscience Data: A Manual and Model (forthcoming) and provides background information on data from a survey of geoscience and cyberinfrastructure stakeholders who are part of an NSF initiative entitled EarthCube.  EarthCube is a joint effort by the National Science Foundations Geosciences Directorate (NSF GEO) and Office of Cyberinfrastructure (NSF OCI) to create a framework to understand and predict responses of the Earth as a system  from the space-atmosphere boundary to the core, including the influences of humans and ecosystems.   EarthCube is also part of CIF21 (Cyberinfrastructure for the 21st Century).  It is a knowledge management infrastructure for integrating geosciences data openly, transparently, and inclusively, using cyberinfrastructure derived from and governed by the Geosciences community.  EarthCube is intended to connect layers of data and information through data curation and management via interface layers, and support knowledge creation through data-enabled science.  These are social science survey data, which is only one (and one of the least common) of the many types of geoscience data.</gco:CharacterString>
         </gmd:abstract>
         <gmd:pointOfContact>
            <gmd:CI_ResponsibleParty>
               <gmd:individualName>
                  <gco:CharacterString>Cutcher-Gershenfeld, Joel</gco:CharacterString>
               </gmd:individualName>
               <gmd:role>
                  <gmd:CI_RoleCode codeSpace="ISOTC211/19115"
                                   codeList="http://www.isotc211.org/2005/resources/Codelist/gmxCodelists.xml#CI_RoleCode"
                                   codeListValue="creator">creator
                        </gmd:CI_RoleCode>
               </gmd:role>
            </gmd:CI_ResponsibleParty>
         </gmd:pointOfContact>
         <gmd:pointOfContact>
            <gmd:CI_ResponsibleParty>
               <gmd:organisationName>
                  <gco:CharacterString>Integrated Earth Data Applications (IEDA)</gco:CharacterString>
               </gmd:organisationName>
               <gmd:role>
                  <gmd:CI_RoleCode codeSpace="ISOTC211/19115"
                                   codeList="http://www.isotc211.org/2005/resources/Codelist/gmxCodelists.xml#CI_RoleCode"
                                   codeListValue="publisher">publisher
                            </gmd:CI_RoleCode>
               </gmd:role>
            </gmd:CI_ResponsibleParty>
         </gmd:pointOfContact>
         <gmd:descriptiveKeywords>
            <gmd:MD_Keywords>
               <gmd:keyword>
                  <gco:CharacterString>SocialScience</gco:CharacterString>
               </gmd:keyword>
               <gmd:type>
                  <gmd:MD_KeywordTypeCode codeSpace="ISOTC211/19115"
                                          codeList="http://www.isotc211.org/2005/resources/Codelist/gmxCodelists.xml#MD_KeywordTypeCode"
                                          codeListValue="theme">theme
                        </gmd:MD_KeywordTypeCode>
               </gmd:type>
               <gmd:thesaurusName>
                  <gmd:CI_Citation>
                     <gmd:title>
                        <gco:CharacterString>ECL</gco:CharacterString>
                     </gmd:title>
                     <gmd:date gco:nilReason="unknown"/>
                  </gmd:CI_Citation>
               </gmd:thesaurusName>
            </gmd:MD_Keywords>
         </gmd:descriptiveKeywords>
         <gmd:descriptiveKeywords>
            <gmd:MD_Keywords>
               <gmd:keyword>
                  <gco:CharacterString>stakeholder alignment</gco:CharacterString>
               </gmd:keyword>
               <gmd:keyword>
                  <gco:CharacterString>science funding</gco:CharacterString>
               </gmd:keyword>
               <gmd:keyword>
                  <gco:CharacterString>science institutions</gco:CharacterString>
               </gmd:keyword>
               <gmd:keyword>
                  <gco:CharacterString>cyber-infrastructure</gco:CharacterString>
               </gmd:keyword>
               <gmd:keyword>
                  <gco:CharacterString>earthcube</gco:CharacterString>
               </gmd:keyword>
               <gmd:keyword>
                  <gco:CharacterString>sharing data</gco:CharacterString>
               </gmd:keyword>
               <gmd:type>
                  <gmd:MD_KeywordTypeCode codeSpace="ISOTC211/19115"
                                          codeList="http://www.isotc211.org/2005/resources/Codelist/gmxCodelists.xml#MD_KeywordTypeCode"
                                          codeListValue="theme">theme</gmd:MD_KeywordTypeCode>
               </gmd:type>
            </gmd:MD_Keywords>
         </gmd:descriptiveKeywords>
         <gmd:descriptiveKeywords>
            <gmd:MD_Keywords>
               <gmd:keyword>
                  <gco:CharacterString>application/msword</gco:CharacterString>
               </gmd:keyword>
               <gmd:keyword>
                  <gco:CharacterString>application/pdf</gco:CharacterString>
               </gmd:keyword>
               <gmd:keyword>
                  <gco:CharacterString>application/vnd.ms-excel</gco:CharacterString>
               </gmd:keyword>
               <gmd:keyword>
                  <gco:CharacterString>application/vnd.openxmlformats-officedocument.spreadsheetml.sheet</gco:CharacterString>
               </gmd:keyword>
               <gmd:type>
                  <gmd:MD_KeywordTypeCode codeSpace="ISOTC211/19115"
                                          codeList="http://www.isotc211.org/2005/resources/Codelist/gmxCodelists.xml#MD_KeywordTypeCode"
                                          codeListValue="theme">theme
                        </gmd:MD_KeywordTypeCode>
               </gmd:type>
               <gmd:thesaurusName>
                  <gmd:CI_Citation>
                     <gmd:title>
                        <gco:CharacterString>DataCite Format</gco:CharacterString>
                     </gmd:title>
                     <gmd:date>
                        <gmd:CI_Date>
                           <gmd:date>
                              <gco:Date>2015-01-01</gco:Date>
                           </gmd:date>
                           <gmd:dateType>
                              <gmd:CI_DateTypeCode codeListValue="publication"
                                                   codeList="http://www.isotc211.org/2005/resources/Codelist/gmxCodelists.xml#CI_DateTypeCode"/>
                           </gmd:dateType>
                        </gmd:CI_Date>
                     </gmd:date>
                  </gmd:CI_Citation>
               </gmd:thesaurusName>
            </gmd:MD_Keywords>
         </gmd:descriptiveKeywords>
         <gmd:resourceConstraints>
            <gmd:MD_LegalConstraints>
               <gmd:useConstraints>
                  <gmd:MD_RestrictionCode codeList="http://www.ngdc.noaa.gov/metadata/published/xsd/schema/resources/Codelist/gmxCodelists.xml#MD_RestrictionCode"
                                          codeListValue="license">license</gmd:MD_RestrictionCode>
               </gmd:useConstraints>
               <gmd:otherConstraints>
                  <gco:CharacterString>https://creativecommons.org/licenses/by/3.0/us/</gco:CharacterString>
               </gmd:otherConstraints>
               <gmd:otherConstraints>
                  <gco:CharacterString>Creative Commons Attribution-NonCommercial-Share Alike 3.0 United States [CC BY-NC-SA 3.0]</gco:CharacterString>
               </gmd:otherConstraints>
            </gmd:MD_LegalConstraints>
         </gmd:resourceConstraints>
         <gmd:language>
            <gco:CharacterString>eng</gco:CharacterString>
         </gmd:language>
         <gmd:supplementalInformation>
            <gco:CharacterString/>
         </gmd:supplementalInformation>
      </gmd:MD_DataIdentification>
   </gmd:identificationInfo>
   <gmd:distributionInfo>
      <gmd:MD_Distribution>
         <gmd:transferOptions>
            <gmd:MD_DigitalTransferOptions>
               <gmd:onLine>
                  <gmd:CI_OnlineResource>
                     <gmd:linkage>
                        <gmd:URL>http://www.earthchem.org/library/browse/view?id=859</gmd:URL>
                     </gmd:linkage>
                     <gmd:name>
                        <gco:CharacterString>URL</gco:CharacterString>
                     </gmd:name>
                     <gmd:function>
                        <gmd:CI_OnLineFunctionCode codeList="http://www.isotc211.org/2005/resources/Codelist/gmxCodelists.xml#CI_OnLineFunctionCode"
                                                   codeListValue="information"/>
                     </gmd:function>
                  </gmd:CI_OnlineResource>
               </gmd:onLine>
            </gmd:MD_DigitalTransferOptions>
         </gmd:transferOptions>
      </gmd:MD_Distribution>
   </gmd:distributionInfo>
</gmd:MD_Metadata>
